City_ID,City,Country,Date,Lat,Lng,Max Temp,Humidity,Cloudiness,Wind Speed
0,Kununurra,AU,2022-02-20 11:04:07,-15.7667,128.7333,87.78,70,40,5.75
1,Airai,TL,2022-02-20 11:04:08,-8.9266,125.4092,62.13,94,87,1.5
2,Kalmunai,LK,2022-02-20 11:04:08,7.4167,81.8167,81.7,77,68,12.95
3,Umm Lajj,SA,2022-02-20 11:04:09,25.0213,37.2685,66.43,50,25,13.27
4,Coquimbo,CL,2022-02-20 11:04:09,-29.9533,-71.3436,58.73,82,20,0.0
5,Qaanaaq,GL,2022-02-20 11:04:09,77.484,-69.3632,-2.45,47,88,9.1
6,San Patricio,US,2022-02-20 11:04:10,28.017,-97.5169,57.06,79,78,4.76
7,Yellowknife,CA,2022-02-20 11:01:10,62.456,-114.3525,-40.45,100,37,4.34
8,Busselton,AU,2022-02-20 11:04:10,-33.65,115.3333,80.1,51,100,13.29
9,Fortuna,US,2022-02-20 11:04:11,40.5982,-124.1573,46.33,94,100,4.61
10,Mataura,NZ,2022-02-20 11:04:11,-46.1927,168.8643,52.48,88,70,1.66
11,Puerto Ayora,EC,2022-02-20 11:04:11,-0.7393,-90.3518,74.89,87,31,7.25
12,Avarua,CK,2022-02-20 11:04:12,-21.2078,-159.775,77.05,88,40,5.75
13,Bredasdorp,ZA,2022-02-20 11:04:12,-34.5322,20.0403,73.27,39,38,16.08
14,Bluff,NZ,2022-02-20 11:04:12,-46.6,168.3333,52.81,79,61,2.33
15,Aklavik,CA,2022-02-20 11:04:13,68.2191,-135.0107,-38.07,99,33,4.23
16,Kapaa,US,2022-02-20 11:04:13,22.0752,-159.319,71.58,76,0,10.36
17,Hilo,US,2022-02-20 11:00:30,19.7297,-155.09,71.26,85,40,6.91
18,Hermanus,ZA,2022-02-20 11:04:14,-34.4187,19.2345,78.91,62,31,11.39
19,Souillac,MU,2022-02-20 11:04:14,-20.5167,57.5167,84.58,79,75,32.21
20,Codrington,AU,2022-02-20 11:04:15,-38.2667,141.9667,59.34,73,94,17.07
21,Hobart,AU,2022-02-20 10:59:53,-42.8794,147.3294,60.66,77,75,27.63
22,Shimoda,JP,2022-02-20 11:04:15,34.6667,138.95,43.11,61,6,23.17
23,Vila Velha,BR,2022-02-20 11:04:16,-20.3297,-40.2925,78.75,89,20,9.22
24,Jamestown,US,2022-02-20 10:59:58,42.097,-79.2353,13.71,52,47,9.66
25,Saskylakh,RU,2022-02-20 11:04:16,71.9167,114.0833,-23.13,100,52,6.91
26,Vao,NC,2022-02-20 11:04:16,-22.6667,167.4833,79.45,80,100,7.74
27,Tuktoyaktuk,CA,2022-02-20 11:04:17,69.4541,-133.0374,-28.95,100,59,7.9
28,Ushuaia,AR,2022-02-20 11:00:05,-54.8,-68.3,38.08,84,46,1.21
29,Ponta Do Sol,PT,2022-02-20 11:04:17,32.6667,-17.1,63.05,75,83,8.77
30,Chuy,UY,2022-02-20 11:04:18,-33.6971,-53.4616,71.71,77,2,8.05
31,Rikitea,PF,2022-02-20 11:04:18,-23.1203,-134.9692,77.99,68,3,5.77
32,Hinton,CA,2022-02-20 11:00:55,53.4001,-117.5857,6.22,96,100,3.56
33,Quang Ngai,VN,2022-02-20 11:04:19,15.1167,108.8,67.24,85,98,12.75
34,Vung Tau,VN,2022-02-20 11:01:41,10.346,107.0843,80.11,79,100,15.03
35,Caravelas,BR,2022-02-20 11:04:19,-17.7125,-39.2481,82.15,67,21,6.17
36,Carnarvon,AU,2022-02-20 11:04:20,-24.8667,113.6333,91.47,55,50,13.8
37,Namatanai,PG,2022-02-20 11:04:20,-3.6667,152.4333,80.74,82,68,7.47
38,Thompson,CA,2022-02-20 11:01:55,55.7435,-97.8558,-32.03,91,39,7.56
39,Albany,US,2022-02-20 11:04:21,42.6001,-73.9662,12.09,67,20,6.22
40,Chapais,CA,2022-02-20 11:02:52,49.7834,-74.8492,-19.44,100,55,5.23
41,East London,ZA,2022-02-20 11:04:21,-33.0153,27.9116,78.04,62,5,23.04
42,Los Llanos De Aridane,ES,2022-02-20 11:04:21,28.6585,-17.9182,61.12,56,40,19.57
43,Nikolskoye,RU,2022-02-20 11:04:22,59.7035,30.7861,32.4,90,91,7.96
44,Ahipara,NZ,2022-02-20 11:05:22,-35.1667,173.1667,65.48,88,58,3.76
45,Ribeira Grande,PT,2022-02-20 11:05:23,38.5167,-28.7,57.6,58,75,4.61
46,Hasaki,JP,2022-02-20 11:05:23,35.7333,140.8333,39.6,58,100,25.01
47,Meridian,US,2022-02-20 11:05:24,43.6121,-116.3915,36.45,86,0,11.5
48,Cape Town,ZA,2022-02-20 11:05:24,-33.9258,18.4232,79.12,53,43,5.28
49,Pachmarhi,IN,2022-02-20 11:05:24,22.4667,78.4333,77.27,14,0,10.96
50,Kargasok,RU,2022-02-20 11:05:25,59.0556,80.8572,19.04,88,28,8.81
51,Hofn,IS,2022-02-20 11:05:25,64.2539,-15.2082,34.52,77,100,46.53
52,Upernavik,GL,2022-02-20 11:05:25,72.7868,-56.1549,-1.41,97,100,15.48
53,Punta Arenas,CL,2022-02-20 11:05:26,-53.15,-70.9167,44.71,93,100,6.91
54,Rosarito,MX,2022-02-20 11:04:44,32.3333,-117.0333,55.09,84,92,4.23
55,Taltal,CL,2022-02-20 11:05:26,-25.4,-70.4833,66.88,82,74,1.81
56,Kahului,US,2022-02-20 11:05:26,20.8947,-156.47,74.84,83,0,5.01
57,Bengkulu,ID,2022-02-20 11:05:27,-3.8004,102.2655,80.28,80,78,4.63
58,Talavera De La Reina,ES,2022-02-20 11:05:27,39.9635,-4.8308,49.6,39,0,6.08
59,Mankera,PK,2022-02-20 11:05:28,31.3866,71.4407,79.5,10,0,6.15
60,Russell,US,2022-02-20 11:01:10,32.3502,-85.1999,38.97,81,0,5.21
61,Port Alfred,ZA,2022-02-20 11:05:28,-33.5906,26.891,77.83,59,11,22.06
62,North Vanlaiphai,IN,2022-02-20 11:05:29,23.1333,93.0667,62.01,32,33,3.62
63,Atuona,PF,2022-02-20 11:05:29,-9.8,-139.0333,77.83,79,30,18.32
64,Vasilsursk,RU,2022-02-20 11:05:30,56.1275,46.0072,32.97,99,100,13.22
65,Lidkoping,SE,2022-02-20 11:05:30,58.5052,13.1577,34.32,3,25,9.82
66,Atar,MR,2022-02-20 11:02:18,20.5169,-13.0499,76.51,15,0,16.55
67,Barrow,US,2022-02-20 11:04:15,71.2906,-156.7887,-29.18,99,0,10.36
68,Tarko-Sale,RU,2022-02-20 11:05:31,64.9225,77.785,19.4,91,100,19.73
69,Macau,MO,2022-02-20 11:04:56,22.2006,113.5461,49.73,87,40,21.85
70,Aasiaat,GL,2022-02-20 11:03:11,68.7098,-52.8699,-7.94,90,100,10.65
71,Port Lincoln,AU,2022-02-20 11:05:31,-34.7333,135.8667,63.48,77,60,17.45
72,Phitsanulok,TH,2022-02-20 11:05:32,16.9167,100.5,85.48,72,65,5.91
73,Mar Del Plata,AR,2022-02-20 11:05:32,-38.0023,-57.5575,67.87,94,100,8.99
74,Klaksvik,FO,2022-02-20 11:05:32,62.2266,-6.589,36.52,96,100,15.32
75,Kabinda,CD,2022-02-20 11:05:33,-6.1333,24.4833,69.33,88,100,2.51
76,Victoria,HK,2022-02-20 11:00:39,22.2855,114.1577,49.98,93,100,5.99
77,Tecoanapa,MX,2022-02-20 11:05:33,16.5167,-98.75,74.57,70,5,4.09
78,Langsa,ID,2022-02-20 11:05:34,4.4683,97.9683,79.74,89,97,3.15
79,New Norfolk,AU,2022-02-20 11:05:34,-42.7826,147.0587,60.3,59,43,5.99
80,Magadan,RU,2022-02-20 11:05:35,59.5667,150.8,-5.57,77,64,9.28
81,Hay River,CA,2022-02-20 11:05:35,60.8156,-115.7999,-24.63,100,100,5.3
82,Mayo,US,2022-02-20 11:05:35,38.8876,-76.5119,25.16,52,0,3.44
83,Yulara,AU,2022-02-20 11:05:36,-25.2406,130.9889,84.04,17,81,9.22
84,Abu Samrah,SY,2022-02-20 11:05:36,35.3029,37.1841,63.21,37,0,16.15
85,Chernyshevskiy,RU,2022-02-20 11:05:37,63.0128,112.4714,4.19,92,100,10.31
86,Fairbanks,US,2022-02-20 11:01:05,64.8378,-147.7164,-7.02,76,85,3.6
87,Aykhal,RU,2022-02-20 11:05:37,66.0,111.5,8.02,95,100,23.76
88,Vaini,TO,2022-02-20 11:06:37,-21.2,-175.2,78.96,94,20,5.75
89,Shenjiamen,CN,2022-02-20 11:06:38,29.9576,122.298,38.28,57,100,16.84
90,Lavrentiya,RU,2022-02-20 11:06:38,65.5833,-171.0,-21.48,94,86,5.97
91,Broken Hill,AU,2022-02-20 11:06:39,-31.95,141.4333,78.1,23,100,18.16
92,Cabo San Lucas,MX,2022-02-20 11:06:39,22.8909,-109.9124,64.62,61,100,5.3
93,Clyde River,CA,2022-02-20 11:06:40,70.4692,-68.5914,-9.17,84,100,18.41
94,Lekoni,GA,2022-02-20 11:06:40,-1.5843,14.2591,87.1,46,76,3.83
95,Corinto,GR,2022-02-20 11:06:40,37.9407,22.9573,62.64,73,100,7.78
96,Kavaratti,IN,2022-02-20 11:06:41,10.5669,72.642,81.45,68,50,5.06
97,Talaya,RU,2022-02-20 11:06:41,61.3833,152.75,-34.92,100,87,1.39
98,Bilma,NE,2022-02-20 11:06:41,18.6853,12.9164,75.27,13,0,5.35
99,Talnakh,RU,2022-02-20 11:06:42,69.4865,88.3972,18.7,95,100,14.18
100,Hamilton,US,2022-02-20 11:06:42,39.1834,-84.5333,25.43,64,0,8.05
101,Dunedin,NZ,2022-02-20 11:06:43,-45.8742,170.5036,58.8,77,22,5.01
102,Georgetown,MY,2022-02-20 11:03:28,5.4112,100.3354,87.73,62,20,4.61
103,Walvis Bay,NA,2022-02-20 11:06:43,-22.9575,14.5053,73.09,69,28,10.11
104,Castro,BR,2022-02-20 11:06:44,-24.7911,-50.0119,67.35,75,0,2.64
105,Colares,PT,2022-02-20 11:06:44,38.7992,-9.4469,60.89,37,0,32.01
106,Sioux Lookout,CA,2022-02-20 11:06:44,50.1001,-91.917,15.62,96,100,5.03
107,Port Blair,IN,2022-02-20 11:06:45,11.6667,92.75,81.77,54,6,9.15
108,Sambava,MG,2022-02-20 11:06:45,-14.2667,50.1667,88.07,50,100,9.04
109,Olga,RU,2022-02-20 11:06:46,43.7444,135.2892,12.09,58,4,17.05
110,Yeppoon,AU,2022-02-20 11:06:46,-23.1333,150.7333,76.78,69,27,13.09
111,Qaqortoq,GL,2022-02-20 11:06:47,60.7167,-46.0333,12.7,81,0,3.47
112,Ternate,ID,2022-02-20 11:06:47,0.8,127.4,79.83,85,100,16.8
113,Batticaloa,LK,2022-02-20 11:06:47,7.7102,81.6924,81.32,76,56,13.04
114,Kirkwood,US,2022-02-20 11:06:48,38.5834,-90.4068,35.78,63,0,9.22
115,Avera,US,2022-02-20 11:06:48,33.194,-82.5271,42.67,55,0,7.49
116,Meulaboh,ID,2022-02-20 11:06:49,4.1363,96.1285,83.84,67,88,6.53
117,Vestmannaeyjar,IS,2022-02-20 11:06:49,63.4427,-20.2734,38.39,65,40,35.68
118,Dikson,RU,2022-02-20 11:06:50,73.5069,80.5464,18.84,95,100,15.1
119,Boa Vista,BR,2022-02-20 11:06:50,2.8197,-60.6733,78.78,65,0,11.5
120,Shache,CN,2022-02-20 11:06:50,38.4167,77.2406,43.16,28,7,7.47
121,Seljord,NO,2022-02-20 11:06:51,59.4894,8.634,32.67,77,100,2.06
122,Acapulco,MX,2022-02-20 11:03:51,16.8634,-99.8901,73.22,73,20,0.0
123,Saint George,US,2022-02-20 11:03:54,37.1041,-113.5841,37.99,41,0,3.44
124,Arraial Do Cabo,BR,2022-02-20 11:06:51,-22.9661,-42.0278,75.06,94,75,6.91
125,Biak,ID,2022-02-20 11:06:52,-0.9131,122.8766,77.07,86,100,6.89
126,Tuatapere,NZ,2022-02-20 11:05:35,-46.1333,167.6833,52.83,92,52,2.93
127,Orje,NO,2022-02-20 11:06:52,59.4802,11.6602,36.41,60,30,9.84
128,Miraflores,MX,2022-02-20 11:06:53,19.2167,-98.8083,54.03,65,2,1.32
129,Pontes E Lacerda,BR,2022-02-20 11:06:53,-15.2261,-59.3353,71.01,98,87,3.36
130,Mandalgovi,MN,2022-02-20 11:06:53,45.7625,106.2708,8.83,53,66,7.11
131,Broome,US,2022-02-20 11:07:54,42.2506,-75.833,13.66,75,0,4.0
132,Mweka,CD,2022-02-20 11:07:54,-4.85,21.5667,87.03,46,96,2.95
133,Provideniya,RU,2022-02-20 11:07:54,64.3833,-173.3,-8.75,89,99,15.37
134,Horgos,RS,2022-02-20 11:07:55,46.1556,19.9725,54.14,61,64,9.51
135,Arlit,NE,2022-02-20 11:07:55,18.7369,7.3853,83.1,7,0,8.9
136,Butaritari,KI,2022-02-20 11:07:56,3.0707,172.7902,81.45,80,100,23.29
137,Shinpokh,PK,2022-02-20 11:07:56,34.3292,71.1782,78.21,16,0,16.15
138,Pedro Ii,BR,2022-02-20 11:03:38,-4.4247,-41.4586,72.18,82,71,3.09
139,Asau,RO,2022-02-20 11:07:57,46.4333,26.4,48.76,54,100,5.68
140,San Lazaro,BZ,2022-02-20 11:07:57,18.0387,-88.6622,73.11,99,30,3.98
141,Luanda,AO,2022-02-20 11:07:57,-8.8368,13.2343,87.8,62,40,6.91
142,Esperance,AU,2022-02-20 11:07:58,-33.8667,121.9,64.67,73,88,15.93
143,Padang,ID,2022-02-20 11:07:58,-0.9492,100.3543,87.85,74,28,1.7
144,Narsaq,GL,2022-02-20 11:07:59,60.9167,-46.05,12.42,89,28,4.97
145,Chanute,US,2022-02-20 11:07:59,37.6792,-95.4572,43.88,61,0,16.11
146,San Quintin,MX,2022-02-20 11:07:59,30.4833,-115.95,56.07,78,100,6.22
147,Constitucion,CL,2022-02-20 11:08:00,-35.3333,-72.4167,56.89,88,58,9.64
148,Kirakira,SB,2022-02-20 11:08:00,-10.4544,161.9205,81.01,83,100,4.99
149,Port Elizabeth,ZA,2022-02-20 11:04:04,-33.918,25.5701,76.1,58,3,18.95
150,Hami,CN,2022-02-20 11:08:00,42.8,93.45,29.61,34,42,3.31
151,Kropotkin,RU,2022-02-20 11:08:01,45.4375,40.5756,51.64,57,98,18.57
152,Cairns,AU,2022-02-20 11:08:01,-16.9167,145.7667,80.55,84,34,6.91
153,Bethel,US,2022-02-20 11:08:01,41.3712,-73.414,20.48,71,0,0.0
154,Boyuibe,BO,2022-02-20 11:08:02,-20.4167,-63.2833,68.79,93,65,2.8
155,Sanguem,IN,2022-02-20 11:08:02,15.2333,74.1667,90.21,32,9,10.18
156,Inirida,CO,2022-02-20 11:08:03,3.8653,-67.9239,72.43,87,55,1.95
157,Chake Chake,TZ,2022-02-20 11:08:03,-5.2459,39.7666,91.85,51,83,2.28
158,Shymkent,KZ,2022-02-20 11:08:04,42.3,69.6,63.19,24,0,8.95
159,Huarmey,PE,2022-02-20 11:08:05,-10.0681,-78.1522,71.28,85,99,4.92
160,Hongjiang,CN,2022-02-20 11:08:05,27.11,109.9956,36.99,96,100,2.98
161,Saint-Philippe,RE,2022-02-20 11:08:05,-21.3585,55.7679,83.79,91,100,25.59
162,Sur,OM,2022-02-20 11:08:06,22.5667,59.5289,78.85,38,1,6.78
163,Mogadishu,SO,2022-02-20 11:08:06,2.0371,45.3438,84.06,64,12,22.93
164,Lodja,CD,2022-02-20 11:08:07,-3.4833,23.4333,78.64,69,97,2.71
165,Vila,PT,2022-02-20 11:08:07,42.0304,-8.1588,47.28,77,66,4.72
166,Santo Antonio Do Amparo,BR,2022-02-20 11:06:05,-20.9464,-44.9189,61.97,97,100,0.76
167,Bandarbeyla,SO,2022-02-20 11:08:07,9.4942,50.8122,78.64,65,94,16.04
168,Bambous Virieux,MU,2022-02-20 11:08:08,-20.3428,57.7575,84.45,79,75,32.21
169,Port Pirie,AU,2022-02-20 11:08:08,-33.1833,138.0167,66.99,65,81,12.39
170,Isabela,PH,2022-02-20 11:08:09,6.7085,121.9711,75.16,91,100,13.85
171,Hithadhoo,MV,2022-02-20 11:08:09,-0.6,73.0833,82.26,69,91,5.21
172,Phalodi,IN,2022-02-20 11:08:09,27.1333,72.3667,85.62,9,0,18.92
173,Nelson Bay,AU,2022-02-20 11:08:10,-32.7167,152.15,75.99,84,47,1.99
174,Norman Wells,CA,2022-02-20 11:08:10,65.282,-126.8329,-24.23,100,93,5.61
175,Chokurdakh,RU,2022-02-20 11:08:10,70.6333,147.9167,-39.91,100,76,2.84
176,Kousseri,CM,2022-02-20 11:08:11,12.0769,15.0306,84.83,9,35,14.72
177,Mocuba,MZ,2022-02-20 11:08:11,-16.8392,36.9856,82.65,80,100,4.12
178,Namibe,AO,2022-02-20 11:08:11,-15.1961,12.1522,82.31,66,66,10.96
179,Singapore,SG,2022-02-20 11:08:12,1.2897,103.8501,77.2,86,75,2.3
180,Hit,IQ,2022-02-20 11:09:12,33.6416,42.8251,62.53,58,80,22.53
181,Faanui,PF,2022-02-20 11:09:13,-16.4833,-151.75,81.63,72,54,19.04
182,Sitka,US,2022-02-20 11:09:13,57.0531,-135.33,37.29,87,100,3.44
183,Lagoa,PT,2022-02-20 11:07:38,39.05,-27.9833,55.56,59,100,8.03
184,Longyearbyen,SJ,2022-02-20 11:09:13,78.2186,15.6401,1.24,71,20,13.8
185,Zhigansk,RU,2022-02-20 11:09:14,66.7697,123.3711,-18.65,98,53,15.01
186,Suntar,RU,2022-02-20 11:09:14,62.1444,117.6319,-6.11,97,72,5.59
187,Lebu,CL,2022-02-20 11:09:14,-37.6167,-73.65,53.29,89,7,4.29
188,Davila,PH,2022-02-20 11:09:15,18.4726,120.5763,73.76,82,61,30.29
189,Tasiilaq,GL,2022-02-20 11:09:15,65.6145,-37.6368,14.16,71,100,8.57
190,Varkkallai,IN,2022-02-20 11:09:16,8.7341,76.7067,89.38,68,22,7.43
191,Ust-Ishim,RU,2022-02-20 11:09:16,57.6935,71.1665,22.51,83,100,8.55
192,Barranca,PE,2022-02-20 11:09:16,-10.75,-77.7667,70.21,85,100,4.72
193,Saldanha,ZA,2022-02-20 11:09:17,-33.0117,17.9442,66.51,70,26,10.87
194,Mount Gambier,AU,2022-02-20 11:09:17,-37.8333,140.7667,58.24,67,85,9.35
195,Tiksi,RU,2022-02-20 11:09:17,71.6872,128.8694,-21.08,97,42,5.44
196,Mahebourg,MU,2022-02-20 11:09:18,-20.4081,57.7,84.49,79,75,32.21
197,Alofi,NU,2022-02-20 11:09:18,-19.0595,-169.9187,81.16,76,14,13.94
198,Margate,GB,2022-02-20 11:09:19,51.3813,1.3862,53.74,77,100,11.01
199,Katsuura,JP,2022-02-20 11:09:19,35.1333,140.3,47.19,73,100,11.74
200,Dharchula,IN,2022-02-20 11:09:19,29.85,80.5333,56.91,47,78,3.38
201,Bay Roberts,CA,2022-02-20 11:06:06,47.5999,-53.2648,28.33,81,100,3.0
202,Necochea,AR,2022-02-20 11:09:20,-38.5473,-58.7368,65.03,82,100,7.07
203,Shwebo,MM,2022-02-20 11:09:20,22.5667,95.7,80.31,17,13,2.64
204,Vilya,RU,2022-02-20 11:09:21,55.2456,42.2089,33.49,100,100,10.45
205,Gamba,GA,2022-02-20 11:09:21,-2.65,10.0,83.89,67,91,4.65
206,Christchurch,NZ,2022-02-20 11:07:35,-43.5333,172.6333,57.9,77,75,8.05
207,Bontang,ID,2022-02-20 11:09:22,0.1333,117.5,75.38,92,100,9.24
208,Kavieng,PG,2022-02-20 11:09:22,-2.5744,150.7967,83.44,77,51,12.93
209,Tucurui,BR,2022-02-20 11:06:29,-3.7661,-49.6725,72.9,95,100,2.93
210,Roura,GF,2022-02-20 11:09:22,4.7263,-52.3274,73.31,94,75,1.14
211,Sola,VU,2022-02-20 11:09:23,-13.8833,167.55,82.35,74,100,8.75
212,Lompoc,US,2022-02-20 11:09:23,34.6391,-120.4579,53.92,92,100,8.01
213,Milkovo,RU,2022-02-20 11:09:24,54.7167,158.6167,4.93,97,100,1.99
214,Esqueda,MX,2022-02-20 11:09:24,30.7167,-109.5833,46.9,30,44,2.91
215,San Andres,CO,2022-02-20 11:09:24,12.5847,-81.7006,79.79,74,7,18.1
216,Luganville,VU,2022-02-20 11:09:25,-15.5333,167.1667,80.73,84,93,5.41
217,Salalah,OM,2022-02-20 11:05:23,17.0151,54.0924,80.69,54,40,10.36
218,Libertador General San Martin,AR,2022-02-20 11:09:25,-23.8064,-64.7876,72.93,88,39,2.26
219,Lapeer,US,2022-02-20 11:09:26,43.0514,-83.3188,18.25,62,0,10.36
220,Yarmouth,US,2022-02-20 11:09:26,41.7057,-70.2286,21.96,56,0,11.5
221,Polyarnyy,RU,2022-02-20 11:09:26,69.1989,33.4478,23.47,70,100,12.08
222,Ekhabi,RU,2022-02-20 11:09:27,53.5102,142.9671,9.5,93,66,12.06
223,Khasan,RU,2022-02-20 11:09:27,42.4308,130.6434,18.12,51,53,17.49
224,Rocha,UY,2022-02-20 11:08:44,-34.4833,-54.3333,68.04,85,83,6.89
225,De-Kastri,RU,2022-02-20 11:10:28,51.4667,140.7833,12.51,89,100,9.28
226,Beringovskiy,RU,2022-02-20 11:10:28,63.05,179.3167,-11.13,98,100,13.33
227,Grindavik,IS,2022-02-20 11:10:28,63.8424,-22.4338,34.27,69,0,26.46
228,Ancud,CL,2022-02-20 11:10:29,-41.8697,-73.8203,54.93,91,42,3.94
229,Nuevitas,CU,2022-02-20 11:06:07,21.5453,-77.2644,69.24,74,17,10.02
230,Lorengau,PG,2022-02-20 11:10:29,-2.0226,147.2712,80.89,83,99,5.82
231,Kurumkan,RU,2022-02-20 11:10:30,54.3,110.3,-10.35,92,45,4.76
232,Papara,BR,2022-02-20 11:10:30,-3.9839,-38.7273,80.69,83,43,3.67
233,Seminole,US,2022-02-20 11:10:11,28.7086,-81.2081,57.2,81,0,8.05
234,Nantucket,US,2022-02-20 11:09:17,41.2835,-70.0995,23.11,52,0,18.41
235,Bilgoraj,PL,2022-02-20 11:10:31,50.5411,22.722,41.67,62,100,16.35
236,Wanning,CN,2022-02-20 11:10:31,18.8003,110.3967,57.83,87,100,16.78
237,Iqaluit,CA,2022-02-20 11:10:31,63.7506,-68.5145,-32.31,66,77,5.01
238,Barcelos,PT,2022-02-20 11:10:32,41.5388,-8.6151,56.91,61,44,2.48
239,Sindor,RU,2022-02-20 11:10:32,62.8629,51.8905,31.15,96,100,10.56
240,Beruwala,LK,2022-02-20 11:10:32,6.4788,79.9828,83.68,70,20,10.11
241,Porto Walter,BR,2022-02-20 11:10:33,-8.2686,-72.7439,72.05,100,100,1.07
242,Bang Saphan,TH,2022-02-20 11:10:33,11.2126,99.5117,79.92,88,40,3.6
243,Manzhouli,CN,2022-02-20 11:10:34,49.6,117.4333,-11.52,98,78,6.33
244,Mantua,IT,2022-02-20 11:10:34,45.1667,10.7833,58.82,83,81,7.0
245,Guerrero Negro,MX,2022-02-20 11:10:34,27.9769,-114.0611,55.36,79,18,1.72
246,Lodwar,KE,2022-02-20 11:10:35,3.1191,35.5973,92.52,29,100,2.62
247,Yizheng,CN,2022-02-20 11:10:35,24.6706,103.4296,30.13,93,100,3.49
248,Mauguio,FR,2022-02-20 11:10:35,43.6181,4.0074,58.14,51,0,20.71
249,Burnie,AU,2022-02-20 11:10:36,-41.0667,145.9167,56.95,82,63,15.19
250,Coahuayana,MX,2022-02-20 11:10:36,18.7333,-103.6833,68.68,83,0,5.19
251,Sao Filipe,CV,2022-02-20 11:10:36,14.8961,-24.4956,71.2,63,59,12.17
252,Te Anau,NZ,2022-02-20 11:10:37,-45.4167,167.7167,49.96,90,22,0.85
253,Samarai,PG,2022-02-20 11:10:37,-10.6167,150.6667,83.7,77,100,3.91
254,Mapiripan,CO,2022-02-20 11:10:38,2.8892,-72.1256,72.36,64,6,4.34
255,Afrikanda,RU,2022-02-20 11:10:38,67.4429,32.7828,20.8,89,100,8.93
256,Touros,BR,2022-02-20 11:10:38,-5.1989,-35.4608,81.5,76,49,11.97
257,Bonthe,SL,2022-02-20 11:10:39,7.5264,-12.505,85.21,60,1,8.41
258,Peniche,PT,2022-02-20 11:10:39,39.3558,-9.3811,61.11,53,8,12.86
259,Beisfjord,NO,2022-02-20 11:10:39,68.3751,17.5988,24.85,82,100,6.85
260,Ornskoldsvik,SE,2022-02-20 11:10:40,63.2909,18.7153,25.75,80,63,3.44
261,Dukat,RU,2022-02-20 11:10:40,62.55,155.55,-37.91,100,33,4.14
262,Panaba,MX,2022-02-20 11:10:40,21.2833,-88.2667,69.55,96,5,5.91
263,Warwick,US,2022-02-20 11:10:41,41.7001,-71.4162,19.45,55,0,6.91
264,Ambulu,ID,2022-02-20 11:10:41,-8.345,113.6058,79.23,85,71,2.68
265,Alamogordo,US,2022-02-20 11:10:42,32.8995,-105.9603,47.57,47,89,4.36
266,Bogatynia,PL,2022-02-20 11:10:42,50.9075,14.9563,48.72,72,100,10.0
267,Okhotsk,RU,2022-02-20 11:10:42,59.3833,143.3,-1.77,89,100,5.41
268,Arman,RU,2022-02-20 11:10:43,59.7,150.1667,-10.98,82,58,9.26
269,Nome,US,2022-02-20 11:10:31,64.5011,-165.4064,1.47,67,0,10.36
270,Luderitz,NA,2022-02-20 11:10:43,-26.6481,15.1594,79.12,53,0,21.03
271,Baherden,TM,2022-02-20 11:11:44,38.4362,57.4316,65.68,22,89,4.21
272,Vila Franca Do Campo,PT,2022-02-20 11:11:44,37.7167,-25.4333,60.19,64,87,4.99
273,Minas,UY,2022-02-20 11:11:44,-34.3759,-55.2377,70.27,78,94,7.7
274,Nikki,BJ,2022-02-20 11:11:45,9.9401,3.2108,91.49,9,18,7.7
275,Toora-Khem,RU,2022-02-20 11:11:45,52.4675,96.11,8.1,97,97,1.45
276,Ostrovnoy,RU,2022-02-20 11:11:46,68.0531,39.5131,28.99,96,99,13.8
277,Inuvik,CA,2022-02-20 11:11:46,68.3499,-133.7218,-38.58,100,80,1.1
278,King City,US,2022-02-20 11:11:46,36.2127,-121.126,47.28,59,0,2.62
279,Bathsheba,BB,2022-02-20 11:11:47,13.2167,-59.5167,75.81,78,20,16.11
280,Yuzhno-Kurilsk,RU,2022-02-20 11:11:47,44.0306,145.8556,28.96,96,100,22.39
281,Muzhi,RU,2022-02-20 11:11:48,65.3667,64.6667,24.64,90,72,11.21
282,Cayenne,GF,2022-02-20 11:11:48,4.9333,-52.3333,73.44,92,75,3.0
283,Hualmay,PE,2022-02-20 11:11:48,-11.0964,-77.6139,70.43,86,100,6.62
284,Lata,PT,2022-02-20 11:11:49,40.1629,-8.3327,57.81,40,5,4.07
285,Summerville,US,2022-02-20 11:08:27,33.0185,-80.1757,44.8,52,20,8.05
286,Baykit,RU,2022-02-20 11:11:49,61.67,96.37,18.81,97,100,3.42
287,Rumonge,BI,2022-02-20 11:11:49,-3.9736,29.4386,70.07,93,100,2.8
288,Traralgon,AU,2022-02-20 11:11:50,-38.1833,146.5333,62.42,81,97,2.28
289,Kruisfontein,ZA,2022-02-20 11:11:50,-34.0033,24.7314,73.89,50,4,21.16
290,Nurota,UZ,2022-02-20 11:11:50,40.5614,65.6886,59.09,24,2,9.13
291,Isangel,VU,2022-02-20 11:11:51,-19.55,169.2667,79.47,85,100,8.19
292,Itaqui,BR,2022-02-20 11:11:51,-29.1253,-56.5531,80.69,29,48,8.23
293,Boyolangu,ID,2022-02-20 11:11:51,-8.1181,111.8935,79.0,85,78,3.15
294,Iquitos,PE,2022-02-20 11:11:52,-3.7481,-73.2472,73.44,100,75,2.3
295,Port Hedland,AU,2022-02-20 11:11:52,-20.3167,118.5667,87.85,62,5,5.75
296,Teeli,RU,2022-02-20 11:11:53,51.0333,90.2333,5.27,96,67,0.92
297,Kloulklubed,PW,2022-02-20 11:11:53,7.0419,134.2556,82.35,78,98,19.89
298,Cestas,FR,2022-02-20 11:11:53,44.7435,-0.6791,55.33,89,100,11.5
299,Kigorobya,UG,2022-02-20 11:11:54,1.6162,31.3089,86.88,23,90,5.01
300,Labuhan,ID,2022-02-20 11:11:54,-6.8844,112.2051,79.21,86,100,4.68
301,Leningradskiy,RU,2022-02-20 11:11:55,69.3833,178.4167,-33.86,100,84,3.89
302,Bairiki,KI,2022-02-20 11:11:55,1.3292,172.9752,77.0,94,75,23.02
303,Cap Malheureux,MU,2022-02-20 11:11:55,-19.9842,57.6142,84.69,88,100,18.01
304,Belmonte,BR,2022-02-20 11:11:56,-15.8631,-38.8828,81.1,70,71,4.92
305,Vila Do Maio,CV,2022-02-20 11:11:56,15.1333,-23.2167,74.19,68,67,20.24
306,Uthal,PK,2022-02-20 11:08:15,25.8072,66.6219,88.93,13,0,8.43
307,Lang Son,VN,2022-02-20 11:11:56,21.8333,106.7333,37.6,96,100,7.11
308,Nsoko,SZ,2022-02-20 11:11:57,-27.0333,31.95,98.44,33,0,3.29
309,Mitu,CO,2022-02-20 11:11:57,1.1983,-70.1733,69.3,98,55,2.1
310,Moron,AR,2022-02-20 11:11:58,-34.6534,-58.6198,70.97,93,100,6.04
311,Balkhash,KZ,2022-02-20 11:11:58,46.844,74.9804,20.01,73,0,15.66
312,Severo-Kurilsk,RU,2022-02-20 11:11:58,50.6789,156.125,23.92,84,44,7.05
313,Woodstock,CA,2022-02-20 11:11:59,43.1334,-80.7497,17.65,88,47,8.99
314,La Reforma,MX,2022-02-20 11:11:59,25.0833,-108.05,61.75,53,100,3.36
315,Kendari,ID,2022-02-20 11:13:00,-3.945,122.4989,79.59,77,100,8.16
316,Erenhot,CN,2022-02-20 11:13:00,43.6475,111.9767,3.79,75,7,7.61
317,Roald,NO,2022-02-20 11:13:00,62.5833,6.1333,39.25,56,0,13.8
318,Carahue,CL,2022-02-20 11:13:01,-38.7,-73.1667,53.8,91,60,1.07
319,Invermere,CA,2022-02-20 11:13:01,50.5167,-116.0354,30.36,99,100,2.64
320,Bonavista,CA,2022-02-20 11:13:01,48.6499,-53.1147,27.12,71,100,7.65
321,Jalu,LY,2022-02-20 11:13:02,29.0331,21.5482,67.71,34,44,4.61
322,Beaufort,MY,2022-02-20 11:08:56,5.3473,115.7455,73.11,96,100,0.43
323,Novyy Urengoy,RU,2022-02-20 11:13:03,66.0833,76.6333,20.35,93,100,15.9
324,Khatanga,RU,2022-02-20 11:13:03,71.9667,102.5,5.4,96,100,6.33
325,Touba,CI,2022-02-20 11:13:03,8.2833,-7.6833,91.54,24,2,4.43
326,Hyeres,FR,2022-02-20 11:13:04,43.1167,6.1167,59.43,33,0,11.5
327,Burbach,DE,2022-02-20 11:13:04,50.75,8.0833,46.2,91,100,19.57
328,Hirara,JP,2022-02-20 11:13:04,24.8,125.2833,57.9,74,100,31.09
329,Geraldton,AU,2022-02-20 11:11:02,-28.7667,114.6,82.81,57,95,17.27
330,Rantepao,ID,2022-02-20 11:13:05,-2.9701,119.8978,68.36,95,100,3.78
331,Wau,SS,2022-02-20 11:13:05,7.7029,27.9953,92.57,10,26,10.16
332,North Bend,US,2022-02-20 11:13:06,43.4065,-124.2243,45.86,99,100,12.66
333,Moose Factory,CA,2022-02-20 11:13:06,51.2585,-80.6094,3.18,78,100,12.66
334,Arbagar,RU,2022-02-20 11:13:07,51.9438,116.2805,-12.35,96,81,2.62
335,Pio Xii,BR,2022-02-20 11:13:07,-3.8325,-45.1525,73.31,90,100,1.21
336,Kulhudhuffushi,MV,2022-02-20 11:13:07,6.6221,73.07,82.62,75,9,12.73
337,Dzilam Gonzalez,MX,2022-02-20 11:13:08,21.2833,-88.9333,69.98,98,24,4.34
338,Nuevo Casas Grandes,MX,2022-02-20 11:13:08,30.4167,-107.9167,47.71,33,100,4.23
339,Mareeba,AU,2022-02-20 11:13:08,-17.0,145.4333,75.92,89,60,2.46
340,Sarangani,PH,2022-02-20 11:13:09,5.4033,125.4636,75.02,89,100,14.03
341,Pishin,PK,2022-02-20 11:13:09,30.5803,66.9961,60.46,24,0,10.98
342,Mercedes,AR,2022-02-20 11:13:09,-34.6515,-59.4307,66.83,95,97,6.06
343,Haines Junction,CA,2022-02-20 11:13:10,60.7522,-137.5108,10.35,98,100,2.33
344,Mokobeng,BW,2022-02-20 11:13:10,-22.9965,27.6678,97.12,23,36,2.77
345,Araouane,ML,2022-02-20 11:13:11,18.9048,-3.5265,86.54,9,0,12.24
346,Matara,LK,2022-02-20 11:13:11,5.9485,80.5353,83.48,69,16,6.62
347,Nanortalik,GL,2022-02-20 11:13:11,60.1432,-45.2371,12.81,65,37,24.67
348,Kodiak,US,2022-02-20 11:13:12,57.79,-152.4072,36.91,81,100,4.61
349,Egvekinot,RU,2022-02-20 11:13:12,66.3167,-179.1667,-24.59,89,19,11.74
350,Olafsvik,IS,2022-02-20 11:13:12,64.8945,-23.7142,34.23,74,100,36.46
351,Presidencia Roque Saenz Pena,AR,2022-02-20 11:13:13,-26.7852,-60.4388,81.0,40,97,4.72
352,Gazanjyk,TM,2022-02-20 11:13:13,39.2446,55.5154,63.23,26,98,5.26
353,Marica,BR,2022-02-20 11:13:13,-22.9194,-42.8186,76.26,88,100,4.52
354,Ardabil,IR,2022-02-20 11:13:14,38.2498,48.2933,37.35,89,100,6.85
355,Kaniama,CD,2022-02-20 11:13:14,-7.5667,24.1833,74.07,77,100,2.53
356,Cape Canaveral,US,2022-02-20 11:13:14,28.4058,-80.6048,67.98,58,0,11.5
357,Manaure,CO,2022-02-20 11:13:15,11.7751,-72.4445,73.81,84,4,11.83
358,Ankazoabo,MG,2022-02-20 11:13:15,-22.2833,44.5167,95.95,29,4,3.49
359,Coffeyville,US,2022-02-20 11:10:05,37.0373,-95.6164,44.85,56,0,17.27
360,Lisieux,FR,2022-02-20 11:13:05,49.1667,0.1667,53.46,78,100,20.78
361,Port-Gentil,GA,2022-02-20 11:14:16,-0.7193,8.7815,81.79,75,99,6.44
362,Berlevag,NO,2022-02-20 11:14:16,70.8578,29.0864,26.71,61,100,13.85
363,Oranjestad,AW,2022-02-20 11:09:41,12.524,-70.027,76.95,78,20,11.5
364,Kautokeino,NO,2022-02-20 11:14:17,69.0125,23.0412,8.31,96,100,3.69
365,Whitecourt,CA,2022-02-20 11:14:17,54.1502,-115.6855,6.44,91,100,4.07
366,Debre Tabor,ET,2022-02-20 11:14:17,11.85,38.0167,72.28,26,30,8.08
367,Shubarkuduk,KZ,2022-02-20 11:14:18,49.1447,56.4872,29.61,93,97,11.54
368,Vilcun,CL,2022-02-20 11:14:18,-38.65,-72.2333,50.74,98,22,2.1
369,Tual,ID,2022-02-20 11:14:18,-5.6667,132.75,81.43,79,100,9.51
370,Ghatsila,IN,2022-02-20 11:14:19,22.6,86.4833,84.18,28,68,8.28
371,Port Hardy,CA,2022-02-20 11:14:19,50.6996,-127.4199,39.76,85,99,14.05
372,Torbay,CA,2022-02-20 11:14:19,47.6666,-52.7314,27.57,85,100,3.0
373,Roma,US,2022-02-20 11:10:02,43.2128,-75.4557,12.83,88,34,3.15
374,Yelnya,RU,2022-02-20 11:14:20,54.5786,33.1837,31.68,84,58,13.71
375,Santa Isabel Do Rio Negro,BR,2022-02-20 11:14:20,-0.4139,-65.0192,71.11,99,28,2.82
376,Eskilstuna,SE,2022-02-20 11:14:21,59.3666,16.5077,35.04,83,16,9.42
377,Nortelandia,BR,2022-02-20 11:14:21,-14.4547,-56.8028,72.01,98,99,5.53
378,Upington,ZA,2022-02-20 11:14:21,-28.4478,21.2561,89.76,20,0,9.26
379,Gerash,IR,2022-02-20 11:14:22,27.6652,54.1371,75.38,24,3,7.38
380,San Cristobal,VE,2022-02-20 11:14:22,7.7669,-72.225,64.58,91,70,2.39
381,Olavarria,AR,2022-02-20 11:14:22,-36.8927,-60.3225,67.01,95,100,5.86
382,Caxito,AO,2022-02-20 11:14:23,-8.5785,13.6643,88.45,51,98,4.45
383,Bulgan,MN,2022-02-20 11:14:23,48.8125,103.5347,5.32,88,100,4.76
384,Saint Anthony,US,2022-02-20 11:14:23,45.0205,-93.218,30.52,65,0,13.8
385,Ugoofaaru,MV,2022-02-20 11:14:24,5.6667,73.0,82.29,74,54,8.72
386,Palmer,US,2022-02-20 11:12:35,42.1584,-72.3287,16.41,62,0,4.61
387,Derazhnya,UA,2022-02-20 11:14:24,49.2692,27.4338,42.19,47,70,10.11
388,Medicine Hat,CA,2022-02-20 11:11:49,50.0501,-110.6683,15.73,86,100,18.41
389,Wad Madani,SD,2022-02-20 11:14:25,14.4012,33.5199,83.19,9,69,19.35
390,Sao Miguel Do Araguaia,BR,2022-02-20 11:14:25,-13.275,-50.1628,69.4,95,100,2.89
391,Riyadh,SA,2022-02-20 11:14:26,24.6877,46.7219,77.14,13,42,10.69
392,Aldama,MX,2022-02-20 11:14:26,22.9167,-98.0667,62.49,40,98,3.94
393,Beloha,MG,2022-02-20 11:14:26,-25.1667,45.05,97.92,26,0,9.48
394,Howard,US,2022-02-20 11:14:27,39.2504,-76.933,22.57,72,0,1.01
395,Oxford,GB,2022-02-20 11:13:19,51.7522,-1.256,53.78,90,100,28.77
396,Puerto Escondido,MX,2022-02-20 11:14:27,15.85,-97.0667,75.92,61,6,4.54
397,The Valley,AI,2022-02-20 11:14:27,18.217,-63.0578,75.09,72,38,18.34
398,Sistranda,NO,2022-02-20 11:14:28,63.7256,8.834,34.9,76,99,22.75
399,Rapid Valley,US,2022-02-20 11:14:28,44.0625,-103.1463,48.63,47,0,11.5
400,Puerto Leguizamo,CO,2022-02-20 11:14:28,-0.1934,-74.7819,69.73,81,49,1.34
401,Seddon,AU,2022-02-20 11:14:29,-37.8068,144.8916,66.88,75,0,2.3
402,Opuwo,NA,2022-02-20 11:14:29,-18.0607,13.84,84.97,47,59,10.45
403,Sotouboua,TG,2022-02-20 11:14:30,8.5667,0.9833,92.84,33,46,5.55
404,Heihe,CN,2022-02-20 11:14:30,50.2441,127.4902,-1.61,95,99,6.11
405,Jibuti,DJ,2022-02-20 11:12:19,11.5,42.5,80.02,34,23,5.3
406,Haradok,BY,2022-02-20 11:15:31,55.4624,29.9816,33.91,96,100,12.66
407,Sinegorskiy,RU,2022-02-20 11:15:31,48.0139,40.8447,45.07,62,99,16.75
408,Sao Joao Da Barra,BR,2022-02-20 11:15:31,-21.6403,-41.0511,75.29,92,100,7.11
409,Villamontes,BO,2022-02-20 11:15:32,-21.25,-63.5,73.58,85,70,3.76
410,Nagornyy,RU,2022-02-20 11:15:32,52.7959,83.5498,20.55,90,3,2.53
411,Capinopolis,BR,2022-02-20 11:15:32,-18.6819,-49.5697,68.77,93,80,6.44
412,Shouguang,CN,2022-02-20 11:15:33,36.88,118.7375,41.16,30,0,6.49
413,Zhaotong,CN,2022-02-20 11:15:33,27.3167,103.7167,31.42,83,99,9.01
414,Ola,RU,2022-02-20 11:15:33,59.5833,151.2833,-10.86,84,62,10.65
415,Marana,US,2022-02-20 11:11:04,32.4367,-111.2254,61.75,27,0,8.05
416,Cherskiy,RU,2022-02-20 11:15:34,68.75,161.3,-42.63,100,28,3.22
417,Batagay-Alyta,RU,2022-02-20 11:15:34,67.8006,130.4114,-25.83,81,57,4.54
418,Bambanglipuro,ID,2022-02-20 11:15:34,-7.95,110.2833,80.92,78,97,4.41
419,Lucieni,RO,2022-02-20 11:15:35,44.85,25.4333,44.6,90,100,6.2
420,Durban,ZA,2022-02-20 11:10:39,-29.8579,31.0292,87.93,80,1,11.99
421,Kyabram,AU,2022-02-20 11:15:35,-36.3167,145.05,69.87,29,100,12.91
422,Dagda,LV,2022-02-20 11:15:36,56.0951,27.5372,35.6,86,100,12.91
423,Pacific Grove,US,2022-02-20 11:15:36,36.6177,-121.9166,55.58,91,100,3.44
424,Phalombe,MW,2022-02-20 11:15:36,-15.8064,35.6507,75.27,90,100,3.24
425,Pryazha,RU,2022-02-20 11:15:37,61.6926,33.6216,25.83,94,100,9.22
426,Puerto Madryn,AR,2022-02-20 11:15:37,-42.7692,-65.0385,62.08,77,99,24.32
427,Shiyan,CN,2022-02-20 11:15:38,32.6475,110.7781,46.42,44,92,3.53
428,Tessalit,ML,2022-02-20 11:15:38,20.1986,1.0114,85.62,7,18,16.84
429,Anadyr,RU,2022-02-20 11:15:38,64.75,177.4833,-21.5,76,0,6.71
430,Laguna,US,2022-02-20 11:15:39,38.421,-121.4238,54.95,77,0,8.05
431,Valdemarpils,LV,2022-02-20 11:15:39,57.3707,22.5919,38.62,80,98,12.55
432,Kodinsk,RU,2022-02-20 11:15:39,58.6881,99.1844,17.28,97,99,3.53
433,Verkhoyansk,RU,2022-02-20 11:15:40,67.5447,133.385,-37.16,100,21,1.86
434,Galle,LK,2022-02-20 11:15:40,6.0367,80.217,83.44,70,17,8.46
435,Komsomolskiy,UZ,2022-02-20 11:15:40,40.4272,71.7189,56.62,28,27,4.61
436,Bangassou,CF,2022-02-20 11:15:41,4.7413,22.8184,98.38,9,98,4.5
437,Sungaipenuh,ID,2022-02-20 11:15:41,-2.0833,101.3833,69.78,89,94,1.61
438,Worland,US,2022-02-20 11:15:41,44.0169,-107.9554,32.45,73,0,1.99
439,Fare,PF,2022-02-20 11:15:42,-16.7,-151.0167,81.37,73,54,16.91
440,Trinidad,BO,2022-02-20 11:15:42,-14.8333,-64.9,76.98,94,40,3.44
441,Fremont,US,2022-02-20 11:10:47,37.5483,-121.9886,52.66,71,0,3.44
442,Belle Fourche,US,2022-02-20 11:15:43,44.6714,-103.8522,49.12,52,82,19.28
443,Sinnamary,GF,2022-02-20 11:15:43,5.3833,-52.95,76.33,89,35,7.47
444,Bara,NG,2022-02-20 11:15:43,10.3744,10.7288,87.33,12,21,10.45
445,Nicoya,CR,2022-02-20 11:15:44,10.1483,-85.452,72.57,71,0,12.93
446,Campbell River,CA,2022-02-20 11:15:44,50.0163,-125.2446,37.6,93,98,4.59
447,Nyamuswa,TZ,2022-02-20 11:15:45,-1.9,34.0167,82.27,41,100,3.6
448,Henties Bay,NA,2022-02-20 11:15:45,-22.116,14.2845,72.86,79,41,6.6
449,Lesnoy,RU,2022-02-20 11:15:45,57.6198,63.0784,20.98,86,86,9.15
450,Tynda,RU,2022-02-20 11:15:46,55.1667,124.7167,-4.14,79,100,6.96
451,Donskoye,RU,2022-02-20 11:15:46,45.4552,41.9741,55.53,54,98,14.27
452,Pevek,RU,2022-02-20 11:15:46,69.7008,170.3133,-36.94,99,42,3.09
453,Osakarovka,KZ,2022-02-20 11:15:47,50.565,72.5692,24.42,83,1,5.97
454,Guacimo,CR,2022-02-20 11:16:47,10.2104,-83.6807,79.38,80,53,2.84
455,Los Cedrales,PY,2022-02-20 11:16:48,-25.65,-54.7,77.29,60,2,5.44
456,Valparaiso,CL,2022-02-20 11:15:21,-33.0393,-71.6273,63.48,80,0,0.0
457,Mana,GF,2022-02-20 11:16:48,5.6592,-53.7767,75.34,90,35,5.19
458,Portland,US,2022-02-20 11:15:06,45.5234,-122.6762,45.75,91,100,5.01
459,Smirnykh,RU,2022-02-20 11:16:49,49.75,142.8333,21.0,78,100,12.08
460,Mporokoso,ZM,2022-02-20 11:16:49,-9.3727,30.125,72.45,71,96,7.16
461,Marawi,PH,2022-02-20 11:16:49,7.9986,124.2928,66.65,91,100,1.25
462,Poronaysk,RU,2022-02-20 11:16:50,49.2167,143.1167,22.59,81,100,16.2
463,Sorland,NO,2022-02-20 11:16:50,67.667,12.6934,29.44,66,100,12.24
464,Filadelfia,US,2022-02-20 11:16:16,39.9523,-75.1638,21.33,59,0,4.61
465,La Ronge,CA,2022-02-20 11:16:51,55.1001,-105.2842,-19.95,69,0,5.75
466,Pratapgarh,IN,2022-02-20 11:16:51,24.0333,74.7833,84.65,11,0,12.53
467,Ponferrada,ES,2022-02-20 11:16:51,42.5466,-6.5962,52.47,74,79,1.99
468,Rawson,AR,2022-02-20 11:16:52,-43.3002,-65.1023,61.43,78,100,24.83
469,Dauphin,CA,2022-02-20 11:16:52,51.1494,-100.0502,-5.66,71,0,13.8
470,Usinsk,RU,2022-02-20 11:16:53,65.9939,57.5281,27.82,88,100,18.63
471,Bouna,CI,2022-02-20 11:16:53,9.2667,-3.0,96.4,29,8,3.8
472,Troitsko-Pechorsk,RU,2022-02-20 11:16:53,62.7084,56.1964,27.63,92,100,12.03
473,Barahona,DO,2022-02-20 11:16:54,18.2085,-71.1008,71.4,81,6,3.29
474,Pyapon,MM,2022-02-20 11:16:54,16.2833,95.6833,87.89,19,89,13.85
475,Skibbereen,IE,2022-02-20 11:16:55,51.55,-9.2667,53.4,90,100,36.35
476,Axim,GH,2022-02-20 11:16:55,4.8699,-2.2405,84.79,71,73,7.63
477,Kibre Mengist,ET,2022-02-20 11:16:56,5.8833,38.9833,88.52,17,79,8.32
478,Naze,JP,2022-02-20 11:16:56,28.3667,129.4833,48.34,67,99,24.09
479,Siniscola,IT,2022-02-20 11:16:56,40.5719,9.6922,58.55,43,30,5.93
480,Conde,BR,2022-02-20 11:16:57,-7.2597,-34.9075,83.66,74,75,9.22
481,Iztapa,GT,2022-02-20 11:16:57,13.9333,-90.7075,72.09,63,6,4.14
482,Aviles,ES,2022-02-20 11:16:58,43.5547,-5.9248,57.92,73,75,6.91
483,Masuguru,TZ,2022-02-20 11:16:58,-11.3667,38.4167,83.68,70,100,4.61
484,Iracoubo,GF,2022-02-20 11:16:59,5.4802,-53.2011,76.08,90,40,7.54
485,Chifeng,CN,2022-02-20 11:16:59,42.2683,118.9636,11.71,67,92,11.86
486,Gurh,IN,2022-02-20 11:16:59,24.5167,81.5167,80.11,12,0,17.02
487,Tabou,CI,2022-02-20 11:17:00,4.423,-7.3528,83.01,73,16,5.55
488,Grand Gaube,MU,2022-02-20 11:17:00,-20.0064,57.6608,84.6,87,100,15.99
489,Cidreira,BR,2022-02-20 11:17:01,-30.1811,-50.2056,74.03,74,0,6.82
490,Goderich,CA,2022-02-20 11:17:01,43.7501,-81.7165,17.92,73,57,16.11
491,Kenora,CA,2022-02-20 11:17:02,49.8167,-94.4337,15.78,85,100,12.66
492,Beyneu,KZ,2022-02-20 11:17:02,45.3167,55.2,51.35,37,8,7.49
493,Presidente Medici,BR,2022-02-20 11:17:02,-11.1753,-61.9014,70.72,98,99,3.42
494,San Felipe,VE,2022-02-20 11:17:03,10.3399,-68.7425,69.8,85,93,5.35
495,Terekli-Mekteb,RU,2022-02-20 11:17:03,44.1671,45.8698,53.96,45,15,7.0
496,Baringo,KE,2022-02-20 11:17:03,0.4667,35.9667,96.71,16,100,10.76
497,Ust-Kan,RU,2022-02-20 11:17:04,50.9276,84.761,18.72,90,5,2.17
498,Kalaleh,IR,2022-02-20 11:17:04,37.3807,55.4916,58.6,67,100,9.22
499,Nis,FR,2022-02-20 11:17:04,43.7031,7.2661,64.31,64,20,6.91
500,Necocli,CO,2022-02-20 11:17:05,8.4234,-76.786,74.53,90,21,5.53
501,Brigantine,US,2022-02-20 11:18:05,39.4101,-74.3646,24.03,60,0,0.0
502,Culpeper,US,2022-02-20 11:18:06,38.5004,-77.9664,21.33,60,0,1.01
503,Koulikoro,ML,2022-02-20 11:18:06,14.0,-7.75,93.22,8,7,13.76
504,Ilulissat,GL,2022-02-20 11:18:06,69.2167,-51.1,-0.38,71,75,11.5
505,Tigil,RU,2022-02-20 11:18:07,57.8,158.6667,-12.3,100,64,3.27
506,Dawei,MM,2022-02-20 11:18:07,14.0833,98.2,78.13,61,92,4.41
507,Mudanjiang,CN,2022-02-20 11:18:07,44.5833,129.6,0.82,90,92,3.87
508,Diamantino,BR,2022-02-20 11:18:08,-14.4086,-56.4461,71.13,98,100,6.31
509,Half Moon Bay,US,2022-02-20 11:13:50,37.4636,-122.4286,52.61,87,100,12.66
510,Jinan,CN,2022-02-20 11:16:36,36.6683,116.9972,37.87,21,0,5.1
511,Qasigiannguit,GL,2022-02-20 11:18:08,68.8193,-51.1922,-0.15,98,100,4.59
512,Olinda,BR,2022-02-20 11:18:09,-8.0089,-34.8553,83.93,70,40,6.91
513,Kaitangata,NZ,2022-02-20 11:18:09,-46.2817,169.8464,51.01,93,35,5.88
514,Kunming,CN,2022-02-20 11:16:22,25.0389,102.7183,30.13,86,100,8.95
515,Antropovo,RU,2022-02-20 11:18:10,58.3988,43.0066,32.27,100,100,10.0
516,Nenjiang,CN,2022-02-20 11:18:10,49.1833,125.2167,-11.29,95,73,2.37
517,Dinguiraye,GN,2022-02-20 11:18:10,11.3,-10.7167,88.99,11,26,5.37
518,Abaete,BR,2022-02-20 11:14:14,-19.16,-45.4458,65.98,97,100,0.94
519,Glyadyanskoye,RU,2022-02-20 11:18:11,54.9075,65.0883,14.7,87,37,11.79
520,Cabedelo,BR,2022-02-20 11:18:11,-6.9811,-34.8339,84.87,65,70,11.72
521,Dwarka,IN,2022-02-20 11:18:12,22.2394,68.9678,79.11,43,0,13.13
522,Umba,RU,2022-02-20 11:18:12,66.6871,34.3429,24.84,90,100,9.75
523,Piacabucu,BR,2022-02-20 11:18:13,-10.4056,-36.4344,83.14,69,19,11.39
524,Palanga,LT,2022-02-20 11:18:13,55.9175,21.0686,37.42,87,75,9.22
525,Kahta,TR,2022-02-20 11:18:13,37.7855,38.6237,62.04,29,0,11.5
526,Quzhou,CN,2022-02-20 11:18:14,28.9594,118.8686,36.39,68,100,5.66
527,Antofagasta,CL,2022-02-20 11:18:14,-23.65,-70.4,65.48,85,33,2.53
528,Arona,ES,2022-02-20 11:18:15,28.0996,-16.681,61.32,42,20,11.5
529,Constantine,DZ,2022-02-20 11:18:15,36.365,6.6147,54.81,71,75,8.05
530,Prosotsani,GR,2022-02-20 11:18:15,41.1833,23.9667,54.48,60,100,2.06
531,Camacha,PT,2022-02-20 11:18:16,33.0833,-16.3333,58.53,82,40,17.27
532,Buala,SB,2022-02-20 11:18:16,-8.145,159.5921,81.14,82,93,5.1
533,Mirnyy,RU,2022-02-20 11:18:17,62.5353,113.9611,2.35,92,98,9.53
534,Ormara,PK,2022-02-20 11:18:17,25.2088,64.6357,76.23,58,0,16.89
535,Tilichiki,RU,2022-02-20 11:18:18,60.4667,166.1,-24.12,93,7,9.01
536,Mezhdurechensk,RU,2022-02-20 11:18:18,53.6942,88.0603,21.78,89,8,1.63
537,Hambantota,LK,2022-02-20 11:18:18,6.1241,81.1185,84.11,68,16,11.3
538,Ailigandi,PA,2022-02-20 11:18:19,9.2333,-78.0167,77.7,80,65,15.26
539,Akureyri,IS,2022-02-20 11:18:19,65.6835,-18.0878,31.93,74,75,14.97
540,Manica,FR,2022-02-20 11:18:20,49.0,-1.1667,53.01,80,100,16.93
541,Launceston,AU,2022-02-20 11:18:20,-41.45,147.1667,60.44,89,100,17.27
542,Kalianget,ID,2022-02-20 11:18:20,-7.05,113.9333,80.51,82,75,10.69
543,Tomaszow Lubelski,PL,2022-02-20 11:18:21,50.4477,23.4162,40.82,54,100,17.87
544,Lembeni,TZ,2022-02-20 11:18:21,-3.7833,37.6167,86.43,40,99,2.19
545,Luoyang,CN,2022-02-20 11:18:21,34.6836,112.4536,42.19,24,64,7.09
546,Santa Maria,BR,2022-02-20 11:15:27,-29.6842,-53.8069,74.68,46,45,3.91
547,Minsk,BY,2022-02-20 11:18:22,53.9,27.5667,37.15,83,100,13.78
548,Oyem,GA,2022-02-20 11:18:22,1.5995,11.5793,92.1,35,93,3.06
549,Viedma,AR,2022-02-20 11:19:23,-40.8135,-62.9967,66.99,79,44,8.52
550,Alice Springs,AU,2022-02-20 11:18:15,-23.7,133.8833,74.75,41,0,6.91
551,Nishihara,JP,2022-02-20 11:19:23,26.1842,127.7558,55.06,66,75,27.63
552,Amuntai,ID,2022-02-20 11:19:24,-2.4177,115.2494,74.43,90,100,1.66
553,Penzance,GB,2022-02-20 11:19:24,50.1186,-5.5371,54.61,85,99,34.47
554,Tateyama,JP,2022-02-20 11:19:24,34.9833,139.8667,47.1,53,98,21.61
555,Karlstad,SE,2022-02-20 11:19:25,59.3793,13.5036,30.76,80,5,5.75
556,Charters Towers,AU,2022-02-20 11:19:25,-20.1,146.2667,78.03,73,46,12.95
557,Bull Savanna,JM,2022-02-20 11:19:26,17.8868,-77.5902,70.79,82,9,7.72
558,Zyryanskoye,RU,2022-02-20 11:19:26,56.8306,86.6258,15.39,93,33,5.64
559,Rajmahal,IN,2022-02-20 11:19:26,25.05,87.8333,74.39,37,66,14.32
560,Poya,NC,2022-02-20 11:19:27,-21.35,165.15,78.53,87,97,4.5
561,Baghdad,IQ,2022-02-20 11:18:48,33.3406,44.4009,69.71,35,0,8.05
562,Eston,CA,2022-02-20 11:19:27,51.1501,-108.7514,1.29,89,100,15.75
563,Ust-Omchug,RU,2022-02-20 11:19:28,61.15,149.6333,-30.28,100,37,1.57
564,Lypnyazhka,UA,2022-02-20 11:19:28,48.4469,31.0761,45.05,48,100,9.22
565,Kenai,US,2022-02-20 11:19:28,60.5544,-151.2583,26.02,95,0,4.61
566,Mbekenyera,TZ,2022-02-20 11:19:29,-10.0,38.9833,75.02,95,100,3.94
567,Kaeo,NZ,2022-02-20 11:19:29,-35.1,173.7833,67.32,95,41,3.71
568,Ciudad Bolivar,VE,2022-02-20 11:19:29,8.1222,-63.5497,71.1,87,5,7.09
569,Weligama,LK,2022-02-20 11:19:30,5.9667,80.4167,83.41,69,18,6.8
570,Jutai,BR,2022-02-20 11:19:30,-5.1833,-68.9,71.96,99,100,2.17
571,Kirksville,US,2022-02-20 11:19:20,40.1948,-92.5833,40.05,67,0,16.11
572,Talant,FR,2022-02-20 11:19:31,47.3369,5.0089,47.41,81,100,14.97
573,Birjand,IR,2022-02-20 11:19:31,32.8663,59.2211,70.27,14,75,0.0
574,Olgina,EE,2022-02-20 11:19:31,59.3953,28.1253,32.45,95,87,8.43
575,Marsh Harbour,BS,2022-02-20 11:19:32,26.5412,-77.0636,71.62,73,96,21.94
576,Orsha,BY,2022-02-20 11:19:32,54.5153,30.4053,39.31,94,99,13.27
577,Kinablangan,PH,2022-02-20 11:19:32,7.6947,126.5503,76.05,88,100,5.32
578,Port Macquarie,AU,2022-02-20 11:19:33,-31.4333,152.9167,71.89,85,96,10.11
579,Pangody,RU,2022-02-20 11:19:33,65.85,74.4859,22.39,94,100,15.37
580,Sarahan,IN,2022-02-20 11:19:12,31.5167,77.8,44.58,37,6,4.05
581,Chumikan,RU,2022-02-20 11:19:34,54.7183,135.315,-6.88,92,89,3.4
582,Wilmington,US,2022-02-20 11:19:34,34.2257,-77.9447,35.89,63,0,5.75
583,Ha Tinh,VN,2022-02-20 11:19:35,18.3333,105.9,50.76,91,100,8.77
584,Tahta,EG,2022-02-20 11:19:35,26.7693,31.5021,65.7,31,0,8.19
585,Eyl,SO,2022-02-20 11:19:35,7.9803,49.8164,82.27,51,80,21.12
